{"cameraMode":{"drawMode":0,"name":"Shaded","section":"Shading Mode"},"sceneLighting":true,"audioPlay":false,"sceneViewState":{"showFog":true,"showMaterialUpdate":false,"showSkybox":true,"showFlares":true,"showImageEffects":true,"showParticleSystems":true},"in2DMode":false,"pivot":{"x":43.170291900634769,"y":3.5370233058929445,"z":48.457366943359378},"rotation":{"x":-0.08501981943845749,"y":0.8804953694343567,"z":-0.17281804978847505,"w":-0.4331722855567932},"size":17.506715774536134,"orthographic":false}